{"cameraMode":{"drawMode":0,"name":"Shaded","section":"Shading Mode"},"sceneLighting":true,"audioPlay":false,"sceneViewState":{"m_AlwaysRefresh":false,"showFog":true,"showSkybox":true,"showFlares":true,"showImageEffects":true,"showParticleSystems":true,"showVisualEffectGraphs":true,"m_FxEnabled":true},"in2DMode":false,"pivot":{"x":-4.261531352996826,"y":0.06619071960449219,"z":-0.5420207977294922},"rotation":{"x":-0.21008050441741944,"y":0.11263663321733475,"z":-0.024372776970267297,"w":-0.9708689451217651},"size":12.12435531616211,"orthographic":false}